file_name,data_source,data_type,gt_x1,gt_y1,gt_x2,gt_y2,n_predictions,hit
pc_ede36f9b-1154-4f76-b7f8-c15d7d3f9b6e.png,windows,icon,910.0,78.0,954.0,112.0,8,0
pc_5e09e8e9-7ef6-44be-ad54-aeaeac151897.png,windows,icon,835.0,0.0,871.0,30.0,11,0
pc_2c6dc6ea-fd6f-4cbb-9954-2d6a68610a48.png,windows,text,258.0,139.0,1658.0,371.0,39,1
pc_b072d03a-51cb-4dd6-bdeb-152d3fd44e6b.png,windows,text,281.0,61.0,384.0,165.0,5,0
pc_ac2d2c5e-fe5a-4233-95b4-2de18ef76a9e.png,windows,text,635.0,360.0,677.0,423.0,1,0
pc_f0122b91-3f8b-4510-9a6e-f0239d84b94e.png,windows,icon,697.0,63.0,731.0,95.0,19,0
pc_354a6cb2-3fe0-4cea-950c-d7f8e01fdf45.png,windows,icon,843.0,7.0,891.0,46.0,13,0
pc_d6b09201-c944-4ad9-a0a2-ff78e8f056ce.png,windows,text,1.0,434.0,68.0,500.0,14,0
pc_db6b6fa2-11cc-4b06-88cb-22c180f07a3b.png,windows,icon,9.0,0.0,44.0,31.0,8,0
pc_6dfa677c-7772-46fb-8c83-14a33b0806b4.png,windows,text,316.0,0.0,917.0,38.0,7,1
pc_bc9ed2f6-79c1-4a35-bcb5-4760bf4ed57d.png,windows,icon,880.0,6.0,916.0,37.0,13,0
pc_2c56f301-8e71-4498-8e52-44b37ac1a298.png,windows,icon,458.0,133.0,910.0,169.0,19,0
pc_e618dc7e-8ffb-4a37-a317-9d3908c38395.png,windows,icon,883.0,496.0,945.0,539.0,1,0
pc_54779155-8627-4cac-8ea6-98277cfe0647.png,windows,icon,778.0,4.0,816.0,45.0,6,0
pc_ad16765f-de52-4903-b406-fb5213b94db9.png,windows,icon,924.0,496.0,957.0,539.0,0,0
pc_1ebb6beb-3187-45a6-a5a6-e50aa9a327e5.png,windows,icon,813.0,0.0,847.0,32.0,15,0
pc_221d3c5a-0a1b-456e-9676-7b5ff95cc1b1.png,windows,text,10.0,84.0,60.0,123.0,5,0
pc_a8b0f843-7aaf-4369-ac2b-a121f1ccb024.png,windows,icon,1.0,30.0,42.0,69.0,3,0
pc_7f0b3e40-e5f5-462b-96c3-e8a97a3a504b.png,windows,text,2.0,48.0,321.0,88.0,9,1
pc_8f88d498-d49a-4ab5-8aa6-aafa1428c3b7.png,windows,text,177.0,69.0,459.0,97.0,3,0
pc_870d6da1-bc85-4e74-a1bd-ef6f975c2146.png,windows,icon,855.0,495.0,931.0,539.0,0,0
pc_45c2712a-337d-4b6b-a47b-37ca4d5bdddd.png,windows,text,0.0,354.0,260.0,396.0,34,1
pc_133ac2cd-3eb3-4d45-be35-255a83831f97.png,windows,text,607.0,8.0,956.0,44.0,1,1
pc_bd6711e1-ddc1-4873-8cf1-19654285f4ea.png,windows,icon,0.0,0.0,40.0,32.0,10,0
pc_83462e63-b0cd-4921-9d19-8a534ed445c7.png,windows,icon,916.0,13.0,959.0,52.0,14,1
pc_2b40c066-2f8f-4389-8df8-e70e8dfc1309.png,windows,icon,894.0,0.0,959.0,64.0,8,1
pc_1f371830-d909-41ac-a340-921a594f05b0.png,windows,icon,2.0,0.0,34.0,30.0,16,0
pc_14fd6f5f-37d5-4b22-953e-626e11044f3e.png,windows,icon,918.0,336.0,959.0,382.0,8,0
pc_8834317b-7d08-40f1-9036-40743aba5d70.png,windows,text,204.0,205.0,290.0,289.0,17,0
pc_fa28755f-aee4-48f3-a484-02e670a6ff8f.png,windows,text,537.0,127.0,816.0,152.0,21,0
pc_712496c8-6588-4b57-a89d-b17eaecc761b.png,windows,icon,6.0,470.0,110.0,511.0,1,0
pc_b1f1df2a-6c3d-40f9-ac70-dea7925c85dc.png,windows,text,296.0,157.0,420.0,194.0,20,1
pc_61beef4d-1a93-47b3-8aff-ba0f7774cb43.png,windows,icon,605.0,261.0,622.0,278.0,0,0
pc_73f3744f-675f-44e3-8c55-ef34bdce0da9.png,windows,icon,420.0,121.0,725.0,394.0,13,1
pc_488287f0-9da5-4c6a-b236-109d3df56137.png,windows,icon,875.0,253.0,916.0,286.0,7,0
pc_eb0b756c-e471-40eb-bfaa-06b432094ac6.png,windows,text,0.0,105.0,317.0,145.0,25,1
pc_dd51aeab-7e2c-40aa-82e6-0f870e49e6ba.png,windows,text,605.0,15.0,666.0,108.0,7,1
pc_41efdca0-442c-471e-8188-45457f9287c3.png,windows,icon,601.0,19.0,638.0,53.0,10,0
pc_8ce8a3b6-c2a9-4b69-986e-34b7d96e27ef.png,windows,text,213.0,63.0,479.0,132.0,43,1
pc_80ab83db-da70-4a1d-b10e-a438a59b2197.png,windows,icon,299.0,175.0,481.0,209.0,25,1
pc_0c634288-11b9-498f-8fb6-582e26ea17c9.png,windows,icon,165.0,467.0,218.0,519.0,3,1
pc_dfd488a9-d3c6-4e00-844a-6d56834a367e.png,windows,text,145.0,12.0,209.0,102.0,16,1
pc_17bc1fc0-a71c-453d-a431-5ebcddeff38f.png,windows,text,560.0,603.0,1655.0,806.0,2,1
pc_05f0185e-a291-4e4c-a777-ffb2c46037c6.png,windows,text,390.0,183.0,694.0,431.0,6,1
pc_aae370cb-9618-497e-8877-1a862725d28e.png,windows,text,225.0,139.0,266.0,208.0,1,0
pc_f317f992-32e1-4470-ab0b-31910a70bcd4.png,windows,text,561.0,308.0,1654.0,597.0,2,1
pc_776b1aa0-a892-4461-b03a-88253e628426.png,windows,icon,18.0,15.0,62.0,54.0,17,0
pc_580035fc-f55e-4817-b0c5-b741fb034cd0.png,windows,icon,441.0,458.0,473.0,509.0,2,0
pc_ac6779f8-a188-4633-bfcc-ab05ada6848c.png,windows,icon,872.0,40.0,909.0,72.0,6,0
pc_3b590e58-aab0-42c4-9b74-7d1a6b7f26fe.png,windows,text,17.0,52.0,500.0,88.0,5,1
pc_4ba904da-bd51-42ea-a96f-c5681c630058.png,windows,text,232.0,417.0,320.0,459.0,12,0
pc_4cb20510-1be3-4ef8-ac47-2b49f4463555.png,windows,icon,0.0,498.0,48.0,539.0,4,0
pc_f9867d85-5680-44ac-9bea-23acf5c9cc71.png,windows,text,0.0,0.0,79.0,84.0,12,1
pc_155fc26b-cddb-4a03-b636-322a45c054e6.png,windows,icon,912.0,8.0,955.0,51.0,8,1
pc_942d98d0-92d0-49ab-bc98-49a700c1822b.png,windows,text,552.0,37.0,710.0,153.0,6,0
pc_aa124117-8877-4805-9c69-0ce80e1afc71.png,windows,text,0.0,247.0,318.0,293.0,9,1
pc_e650b1a7-a1e4-4cb4-a2f0-a50f04ce9925.png,windows,icon,0.0,498.0,348.0,539.0,0,0
pc_88dde48f-6594-4f17-b117-3529b2bde02e.png,windows,icon,7.0,203.0,35.0,242.0,4,0
pc_5b1e5fe2-e063-463f-ab56-2b09d17b88a5.png,windows,text,151.0,209.0,258.0,314.0,4,1
pc_8ed762cb-06dd-493f-b770-7e02298433f8.png,windows,icon,735.0,31.0,819.0,67.0,12,0
pc_56d9172e-1780-4fb7-8377-f9987b87508c.png,windows,icon,894.0,126.0,937.0,178.0,3,0
pc_5165f0b8-ea19-448e-bcfc-66de25666bb9.png,windows,text,0.0,26.0,64.0,91.0,9,0
pc_ecf34119-ce66-4699-a169-60e5279a650f.png,windows,text,660.0,401.0,959.0,465.0,1,0
pc_445877f4-ba58-468b-97b6-e770b1a9f02a.png,windows,text,77.0,0.0,359.0,28.0,2,0
pc_92e1062b-0d4a-4e14-8b25-b79e4b6c9b55.png,windows,icon,392.0,50.0,733.0,86.0,45,1
pc_09e2a811-2e5f-4cfc-9d6c-97acda34edf7.png,windows,text,747.0,302.0,920.0,328.0,7,1
pc_21d4f79d-2603-4f10-a535-9401ee47cb94.png,windows,icon,904.0,251.0,945.0,304.0,8,0
pc_c7974702-d944-412f-83b2-61f92cf3c68c.png,windows,text,872.0,12.0,959.0,43.0,0,0
pc_04d51f86-b324-4eb6-82f5-c8cd6cb3e79c.png,windows,text,568.0,256.0,650.0,307.0,15,0
pc_3a625c5d-db8a-41fb-b533-16a7c8a4f345.png,windows,icon,887.0,20.0,924.0,56.0,4,0
pc_17904586-d58c-4f1d-8c1e-6a6697353b14.png,windows,text,792.0,13.0,948.0,78.0,6,1
pc_25eca08c-57eb-45b0-8c0b-79ccec8400ff.png,windows,icon,901.0,0.0,934.0,22.0,0,0
pc_cefd90d7-4af2-4370-b71e-8d4d5954c21e.png,windows,text,620.0,458.0,702.0,512.0,20,1
pc_8fc42b3c-c8bc-4866-b787-aed98a86d614.png,windows,text,183.0,24.0,499.0,68.0,15,1
pc_a2b172fe-7e11-4795-8424-c18d5b65a009.png,windows,text,503.0,149.0,600.0,186.0,20,1
pc_07faaa86-6e6b-457b-9a51-9b30edff21da.png,windows,icon,916.0,455.0,959.0,496.0,20,0
pc_ec8508be-641d-492a-bccc-a8279ae5bf9b.png,windows,text,78.0,29.0,125.0,120.0,12,1
pc_733fbb76-a188-4804-a2c6-788acf844d7c.png,windows,icon,105.0,47.0,147.0,80.0,27,0
pc_02a8e358-8282-498b-b82e-c0f2b1b8d26a.png,windows,text,614.0,45.0,959.0,78.0,2,1
pc_6f580940-6536-452e-9310-f9ebb87879eb.png,windows,text,613.0,52.0,686.0,138.0,3,1
pc_8c0c6fa3-39d8-4633-aeb1-6544036c85bf.png,windows,icon,913.0,504.0,943.0,539.0,7,0
pc_ecde084e-e461-4c7c-9ddc-bccabc874747.png,windows,text,30.0,399.0,138.0,436.0,5,1
pc_140cfa7d-6933-4591-ae0d-a1eadda2d7b5.png,windows,text,703.0,51.0,863.0,124.0,6,1
pc_5a8a71e4-4c80-4b17-b724-a6b6d48a339f.png,windows,icon,610.0,499.0,733.0,539.0,0,0
pc_986f4ae9-9dd8-4c5c-b3d8-fb3fb5557d17.png,windows,icon,145.0,13.0,226.0,69.0,9,0
pc_6dfaf0c7-a3e5-4e71-8431-5eeb9fb8e493.png,windows,text,527.0,243.0,889.0,279.0,2,0
pc_89fc8216-3292-418c-864f-edcce3c34dc5.png,windows,icon,790.0,444.0,832.0,483.0,2,0
pc_c00e575a-fa2d-47c7-83cc-9f4e99f15720.png,windows,text,0.0,459.0,260.0,500.0,24,1
pc_b2579d6f-b494-47e3-872a-5e42a43f251a.png,windows,icon,782.0,394.0,928.0,424.0,0,0
pc_79eaf625-93f5-42a4-977e-71aba5418ff4.png,windows,text,0.0,376.0,159.0,404.0,29,0
pc_1f3eb0eb-2ab2-4e48-b278-de334846ee0d.png,windows,icon,406.0,81.0,757.0,372.0,0,0
pc_6a8d5384-ca12-4ae2-b14c-4c9dc08d4896.png,windows,icon,97.0,33.0,1648.0,68.0,3,0
pc_c0996a5a-3af1-487b-9060-7b1a6779e42f.png,windows,text,59.0,92.0,380.0,134.0,27,1
pc_e18b4420-34da-4d60-889e-924a76fb5094.png,windows,icon,840.0,11.0,882.0,48.0,12,0
pc_4c43fbd2-d84e-4bb4-8169-7a748530c1af.png,windows,text,56.0,393.0,494.0,510.0,10,1
pc_7e37689a-0657-4856-8adf-72a21ee640c9.png,windows,text,251.0,163.0,478.0,413.0,10,1
pc_bb73a431-c05e-47a8-bd27-8c7cbc2f7f23.png,windows,text,116.0,22.0,342.0,50.0,4,1
pc_b4d4f0c2-5f8e-409e-ac20-b1a2c7d6f440.png,windows,text,2.0,100.0,80.0,192.0,10,1
pc_5da8f8cd-8ba2-490a-86e0-5c82421a9bee.png,windows,text,322.0,67.0,601.0,93.0,10,0
pc_2d42ba96-b43d-4f3f-81c1-80c8c107ca1c.png,windows,text,8.0,33.0,297.0,67.0,11,1
pc_4392332d-683f-4746-bbb2-e9287d9cdae0.png,windows,icon,308.0,203.0,389.0,287.0,7,0
pc_977de16a-870e-48f3-8a38-ec9e1efb9f77.png,windows,text,555.0,238.0,716.0,288.0,13,1
pc_16d04f01-66a7-45df-a189-66c29fa935d7.png,windows,text,321.0,482.0,475.0,519.0,4,1
pc_d077a08e-e927-4daa-aaf1-2f2385eefa04.png,windows,text,227.0,188.0,415.0,423.0,17,1
pc_01c641cb-aa78-4bae-80ea-dda820dd00eb.png,windows,text,109.0,144.0,160.0,217.0,6,0
pc_9c3204c7-8a02-406a-8dee-5b363887258c.png,windows,icon,0.0,21.0,50.0,60.0,14,1
pc_471e7c2d-8c16-4626-9b8e-7e0fd79e3a32.png,windows,icon,181.0,448.0,212.0,500.0,0,0
pc_f92a83db-cb5b-4295-af83-3606639056be.png,windows,text,273.0,26.0,340.0,54.0,15,1
pc_daa34642-1973-424e-a752-3b309fa6512b.png,windows,icon,907.0,499.0,957.0,539.0,0,0
pc_58d89b93-10e2-41fe-8b6d-3532fd3bb832.png,windows,icon,0.0,407.0,50.0,452.0,30,0
pc_79377abe-731c-4d3b-ab04-b332c4054b81.png,windows,text,412.0,326.0,484.0,371.0,19,0
pc_9d04d927-2a44-4e0d-b752-57abf0a0522f.png,windows,icon,2.0,23.0,47.0,65.0,7,0
pc_c8b036c3-da02-490e-a09b-0a42b8d9f344.png,windows,icon,0.0,391.0,47.0,433.0,36,0
pc_3f7ea28c-0425-4837-a540-dc5bb23449b8.png,windows,text,48.0,25.0,106.0,54.0,10,1
pc_7e7fa34c-9bb9-43bb-bad6-a7e62e7d0f95.png,windows,text,52.0,79.0,299.0,111.0,38,1
pc_7e7fa34c-9bb9-43bb-bad6-a7e62e7d0f95.png,windows,text,322.0,154.0,418.0,250.0,38,1
pc_7e7fa34c-9bb9-43bb-bad6-a7e62e7d0f95.png,windows,icon,1.0,593.0,40.0,634.0,38,0
pc_17b94559-9897-4b8e-ae34-c47ce5b5d46f.png,windows,text,4.0,54.0,302.0,91.0,43,1
pc_17b94559-9897-4b8e-ae34-c47ce5b5d46f.png,windows,icon,4.0,3.0,45.0,33.0,43,1
pc_17b94559-9897-4b8e-ae34-c47ce5b5d46f.png,windows,text,319.0,277.0,560.0,325.0,43,0
pc_17b94559-9897-4b8e-ae34-c47ce5b5d46f.png,windows,text,907.0,366.0,1132.0,398.0,43,1
pc_5377c04c-7d8f-4377-b1ed-d7994722871f.png,windows,text,12.0,201.0,349.0,251.0,44,1
pc_5377c04c-7d8f-4377-b1ed-d7994722871f.png,windows,text,112.0,2.0,196.0,44.0,44,1
pc_5377c04c-7d8f-4377-b1ed-d7994722871f.png,windows,text,370.0,509.0,502.0,543.0,44,1
pc_70f27c18-7de8-4445-b6fe-202fa17bbe04.png,windows,icon,149.0,62.0,173.0,93.0,11,0
pc_70f27c18-7de8-4445-b6fe-202fa17bbe04.png,windows,text,283.0,60.0,325.0,127.0,11,0
pc_70f27c18-7de8-4445-b6fe-202fa17bbe04.png,windows,text,368.0,59.0,410.0,128.0,11,0
pc_70f27c18-7de8-4445-b6fe-202fa17bbe04.png,windows,text,63.0,58.0,106.0,128.0,11,1
pc_3b7dab65-2cc4-4545-be95-93d4d2576b47.png,windows,text,615.0,229.0,836.0,448.0,3,0
pc_3b7dab65-2cc4-4545-be95-93d4d2576b47.png,windows,text,1099.0,520.0,1303.0,747.0,3,0
pc_44159aab-93c3-4ef6-8841-67a11225ca3f.png,windows,text,6.0,157.0,435.0,214.0,17,1
pc_44159aab-93c3-4ef6-8841-67a11225ca3f.png,windows,text,9.0,396.0,444.0,443.0,17,1
pc_b34a8be5-2b1f-40fa-b348-41aac2bfb952.png,windows,text,185.0,432.0,371.0,484.0,23,1
pc_b34a8be5-2b1f-40fa-b348-41aac2bfb952.png,windows,text,624.0,263.0,753.0,291.0,23,1
pc_b34a8be5-2b1f-40fa-b348-41aac2bfb952.png,windows,icon,0.0,181.0,47.0,231.0,23,0
pc_efc1c0f0-366b-47a0-8e3f-0d197023a2bb.png,windows,text,3.0,37.0,59.0,99.0,35,1
pc_efc1c0f0-366b-47a0-8e3f-0d197023a2bb.png,windows,text,0.0,288.0,335.0,351.0,35,1
pc_efc1c0f0-366b-47a0-8e3f-0d197023a2bb.png,windows,text,972.0,32.0,1136.0,100.0,35,1
pc_f2244f33-a9c9-44e7-bacb-3e51f72d619e.png,windows,text,2.0,120.0,249.0,155.0,26,1
pc_f2244f33-a9c9-44e7-bacb-3e51f72d619e.png,windows,text,6.0,397.0,255.0,436.0,26,1
pc_639ab093-46ed-4332-9229-125647aad9da.png,windows,icon,2.0,2.0,32.0,32.0,10,1
pc_639ab093-46ed-4332-9229-125647aad9da.png,windows,icon,211.0,274.0,251.0,310.0,10,1
pc_57bf0c6a-5cdb-43c9-a807-7b1d83f5ab08.png,windows,text,5.0,78.0,277.0,116.0,14,1
pc_57bf0c6a-5cdb-43c9-a807-7b1d83f5ab08.png,windows,icon,560.0,555.0,680.0,585.0,14,1
pc_57bf0c6a-5cdb-43c9-a807-7b1d83f5ab08.png,windows,text,4.0,199.0,276.0,234.0,14,1
pc_050e2feb-60bf-401e-b6b0-28c0fe490347.png,windows,text,338.0,29.0,409.0,83.0,30,1
pc_050e2feb-60bf-401e-b6b0-28c0fe490347.png,windows,text,949.0,29.0,1008.0,82.0,30,1
pc_050e2feb-60bf-401e-b6b0-28c0fe490347.png,windows,text,962.0,235.0,1060.0,298.0,30,1
pc_050e2feb-60bf-401e-b6b0-28c0fe490347.png,windows,icon,962.0,544.0,1001.0,588.0,30,1
pc_7b437f7a-8819-467b-b5a6-96e8588f15a2.png,windows,text,3.0,845.0,292.0,911.0,10,1
pc_7b437f7a-8819-467b-b5a6-96e8588f15a2.png,windows,icon,515.0,864.0,581.0,920.0,10,0
pc_56c33426-0532-47dd-bf74-2a560c5a63f0.png,windows,text,2.0,57.0,65.0,128.0,36,1
pc_56c33426-0532-47dd-bf74-2a560c5a63f0.png,windows,text,138.0,59.0,187.0,128.0,36,1
pc_1f6ac92f-9273-4758-a571-d0c831bb1dba.png,windows,text,4.0,450.0,313.0,484.0,48,1
pc_1f6ac92f-9273-4758-a571-d0c831bb1dba.png,windows,text,924.0,292.0,1079.0,347.0,48,1
pc_85012b9e-3058-4501-a9c7-6415d31c7699.png,windows,text,347.0,396.0,540.0,426.0,37,1
pc_85012b9e-3058-4501-a9c7-6415d31c7699.png,windows,text,331.0,593.0,765.0,649.0,37,1
pc_5df0bc8e-3005-4a32-b824-0318d6a05bdd.png,windows,text,346.0,268.0,473.0,398.0,14,1
pc_5df0bc8e-3005-4a32-b824-0318d6a05bdd.png,windows,text,348.0,632.0,1143.0,779.0,14,1
pc_5df0bc8e-3005-4a32-b824-0318d6a05bdd.png,windows,text,2.0,161.0,316.0,197.0,14,1
pc_731487b7-f192-464c-8fc7-95af0962861f.png,windows,text,23.0,96.0,357.0,150.0,17,1
pc_731487b7-f192-464c-8fc7-95af0962861f.png,windows,text,125.0,40.0,166.0,57.0,17,0
pc_6f79b56c-2b0f-471d-9f9d-93932c69a0ce.png,macos,text,1025.0,141.0,1129.0,268.0,66,1
pc_6f79b56c-2b0f-471d-9f9d-93932c69a0ce.png,macos,text,1018.0,368.0,1139.0,515.0,66,1
pc_6f79b56c-2b0f-471d-9f9d-93932c69a0ce.png,macos,text,859.0,952.0,972.0,1105.0,66,1
pc_6f79b56c-2b0f-471d-9f9d-93932c69a0ce.png,macos,text,41.0,954.0,151.0,1082.0,66,1
pc_6f79b56c-2b0f-471d-9f9d-93932c69a0ce.png,macos,text,39.0,761.0,150.0,925.0,66,1
pc_66906e9c-dc3c-49e9-aaf0-0e7d5efc97db.png,macos,text,492.0,141.0,640.0,184.0,29,1
pc_66906e9c-dc3c-49e9-aaf0-0e7d5efc97db.png,macos,text,347.0,209.0,697.0,250.0,29,1
pc_66906e9c-dc3c-49e9-aaf0-0e7d5efc97db.png,macos,text,99.0,425.0,277.0,572.0,29,1
pc_66906e9c-dc3c-49e9-aaf0-0e7d5efc97db.png,macos,icon,1230.0,1078.0,1275.0,1123.0,29,1
pc_772a850b-eb35-4efb-9767-ef0eadeb70f0.png,macos,text,672.0,145.0,814.0,279.0,32,1
pc_772a850b-eb35-4efb-9767-ef0eadeb70f0.png,macos,icon,499.0,396.0,803.0,436.0,32,0
pc_772a850b-eb35-4efb-9767-ef0eadeb70f0.png,macos,icon,500.0,891.0,807.0,937.0,32,1
pc_772a850b-eb35-4efb-9767-ef0eadeb70f0.png,macos,text,502.0,794.0,925.0,835.0,32,1
pc_3ffab0d5-e99d-47b8-9684-ec9d8d063419.png,macos,text,681.0,243.0,794.0,288.0,25,1
pc_3ffab0d5-e99d-47b8-9684-ec9d8d063419.png,macos,icon,78.0,845.0,131.0,887.0,25,1
pc_3ffab0d5-e99d-47b8-9684-ec9d8d063419.png,macos,text,335.0,982.0,673.0,1025.0,25,0
pc_3ffab0d5-e99d-47b8-9684-ec9d8d063419.png,macos,text,1048.0,982.0,1233.0,1026.0,25,1
pc_819d6d6a-0ea9-46e0-869d-e17d271381ca.png,macos,icon,635.0,13.0,713.0,64.0,24,0
pc_819d6d6a-0ea9-46e0-869d-e17d271381ca.png,macos,icon,987.0,13.0,1047.0,61.0,24,0
pc_819d6d6a-0ea9-46e0-869d-e17d271381ca.png,macos,text,526.0,274.0,670.0,437.0,24,0
pc_15bd214f-b45f-48f8-8125-21d79373a99e.png,macos,text,969.0,105.0,1241.0,233.0,37,1
pc_15bd214f-b45f-48f8-8125-21d79373a99e.png,macos,text,969.0,250.0,1098.0,376.0,37,1
pc_15bd214f-b45f-48f8-8125-21d79373a99e.png,macos,text,683.0,683.0,1241.0,808.0,37,0
pc_15bd214f-b45f-48f8-8125-21d79373a99e.png,macos,text,701.0,211.0,890.0,274.0,37,1
pc_a4c60b7d-7f78-4255-8804-2dfbd297e09b.png,macos,text,20.0,150.0,237.0,197.0,69,1
pc_a4c60b7d-7f78-4255-8804-2dfbd297e09b.png,macos,text,19.0,376.0,238.0,420.0,69,1
pc_a4c60b7d-7f78-4255-8804-2dfbd297e09b.png,macos,text,542.0,390.0,675.0,561.0,69,1
pc_33eb9249-4ee4-4752-9541-8466efda3845.png,macos,icon,1800.0,1558.0,1844.0,1610.0,7,0
pc_33eb9249-4ee4-4752-9541-8466efda3845.png,macos,icon,1846.0,1556.0,1891.0,1611.0,7,0
pc_33eb9249-4ee4-4752-9541-8466efda3845.png,macos,text,198.0,104.0,385.0,149.0,7,1
pc_33eb9249-4ee4-4752-9541-8466efda3845.png,macos,text,33.0,1563.0,316.0,1619.0,7,1
pc_9b6669c9-230d-486a-ad4c-256eb9015dcb.png,macos,text,1072.0,523.0,1255.0,751.0,42,1
pc_9b6669c9-230d-486a-ad4c-256eb9015dcb.png,macos,text,1766.0,1428.0,1940.0,1661.0,42,1
pc_9b6669c9-230d-486a-ad4c-256eb9015dcb.png,macos,text,2110.0,1126.0,2291.0,1357.0,42,1
pc_64100146-b681-4263-b86c-16d6932b8078.png,macos,icon,226.0,1860.0,299.0,1956.0,4,0
pc_64100146-b681-4263-b86c-16d6932b8078.png,macos,icon,61.0,1860.0,144.0,1955.0,4,0
pc_64100146-b681-4263-b86c-16d6932b8078.png,macos,icon,2881.0,1860.0,2956.0,1953.0,4,0
pc_64100146-b681-4263-b86c-16d6932b8078.png,macos,text,699.0,5.0,787.0,70.0,4,0
pc_dde13919-4c5b-49a1-8c8a-7d03f363c7ac.png,macos,icon,837.0,2.0,1114.0,59.0,3,0
pc_dde13919-4c5b-49a1-8c8a-7d03f363c7ac.png,macos,icon,509.0,1.0,576.0,65.0,3,0
pc_e2bd639a-f297-48fd-bee0-3b7044b0ad57.png,macos,icon,26.0,453.0,582.0,579.0,13,1
pc_e2bd639a-f297-48fd-bee0-3b7044b0ad57.png,macos,text,457.0,165.0,582.0,292.0,13,0
pc_7ba3945d-3975-45f3-9145-71805a9723de.png,macos,icon,958.0,98.0,1040.0,154.0,9,0
pc_7ba3945d-3975-45f3-9145-71805a9723de.png,macos,text,471.0,176.0,1065.0,245.0,9,1
pc_e5c3f9ae-de8d-4457-8bdc-7c0aba699f38.png,macos,text,470.0,351.0,1064.0,417.0,15,1
pc_e5c3f9ae-de8d-4457-8bdc-7c0aba699f38.png,macos,text,469.0,494.0,1066.0,556.0,15,0
pc_e5c3f9ae-de8d-4457-8bdc-7c0aba699f38.png,macos,icon,328.0,1.0,403.0,67.0,15,1
pc_be3ea55b-e1f3-478a-8982-a05f37cc910f.png,macos,text,520.0,189.0,1292.0,280.0,20,1
pc_be3ea55b-e1f3-478a-8982-a05f37cc910f.png,macos,icon,181.0,20.0,248.0,83.0,20,0
pc_be3ea55b-e1f3-478a-8982-a05f37cc910f.png,macos,icon,1245.0,801.0,1315.0,864.0,20,1
pc_65c6ab58-5f56-4a53-a65d-5e88511bbe0f.png,macos,icon,646.0,3.0,714.0,78.0,6,1
pc_65c6ab58-5f56-4a53-a65d-5e88511bbe0f.png,macos,icon,720.0,3.0,776.0,82.0,6,1
pc_65c6ab58-5f56-4a53-a65d-5e88511bbe0f.png,macos,text,14.0,539.0,489.0,607.0,6,0
pc_015a0262-924c-4ced-9f4d-23d07f94a657.png,macos,text,179.0,169.0,775.0,247.0,7,1
pc_015a0262-924c-4ced-9f4d-23d07f94a657.png,macos,icon,180.0,3.0,272.0,72.0,7,1
pc_2773ea59-8493-4c89-957a-d2ec661e6384.png,macos,text,995.0,254.0,1217.0,298.0,36,1
pc_2773ea59-8493-4c89-957a-d2ec661e6384.png,macos,icon,716.0,417.0,1213.0,458.0,36,1
pc_2773ea59-8493-4c89-957a-d2ec661e6384.png,macos,icon,37.0,1092.0,88.0,1139.0,36,1
pc_2773ea59-8493-4c89-957a-d2ec661e6384.png,macos,icon,88.0,1091.0,141.0,1142.0,36,1
pc_afcc8160-1ef9-4413-8d5e-b3aa88b2a879.png,macos,icon,531.0,569.0,1047.0,610.0,16,1
pc_afcc8160-1ef9-4413-8d5e-b3aa88b2a879.png,macos,text,905.0,711.0,1052.0,759.0,16,1
pc_cc362e8f-6ef3-4273-9dfb-baeab56ad760.png,macos,text,351.0,457.0,1049.0,556.0,21,1
pc_cc362e8f-6ef3-4273-9dfb-baeab56ad760.png,macos,text,2.0,532.0,304.0,603.0,21,1
pc_f344a1f6-cbf8-4115-9c9b-a9dfd00fbfe7.png,macos,text,444.0,184.0,881.0,240.0,10,1
pc_f344a1f6-cbf8-4115-9c9b-a9dfd00fbfe7.png,macos,text,445.0,360.0,882.0,421.0,10,0
pc_cddf10f9-43a9-4cce-9b1b-df4aaf216f6d.png,macos,icon,36.0,916.0,92.0,961.0,19,1
pc_cddf10f9-43a9-4cce-9b1b-df4aaf216f6d.png,macos,text,985.0,22.0,1308.0,80.0,19,1
pc_63f20c0b-0abc-4cd5-a3cb-2ea0cb2ba3c8.png,macos,text,179.0,455.0,1158.0,497.0,42,1
pc_63f20c0b-0abc-4cd5-a3cb-2ea0cb2ba3c8.png,macos,text,707.0,245.0,853.0,291.0,42,1
pc_514bf9d5-ca63-4d33-94cb-dc1b11994199.png,macos,text,1024.0,444.0,1236.0,630.0,67,0
pc_514bf9d5-ca63-4d33-94cb-dc1b11994199.png,macos,icon,585.0,329.0,681.0,394.0,67,0
pc_ed2173e7-c929-4f52-9777-db36a36e0c3e.png,macos,icon,529.0,267.0,620.0,339.0,19,0
pc_ed2173e7-c929-4f52-9777-db36a36e0c3e.png,macos,icon,536.0,678.0,603.0,742.0,19,1
pc_b93bf9fd-afa5-40c0-b103-48f235f3ffe0.png,macos,text,965.0,226.0,1248.0,273.0,19,1
pc_b93bf9fd-afa5-40c0-b103-48f235f3ffe0.png,macos,icon,25.0,887.0,120.0,979.0,19,1
pc_6ca110ef-dfac-49fe-a9eb-4ba4f621cbdc.png,macos,text,1.0,766.0,397.0,833.0,35,1
pc_6ca110ef-dfac-49fe-a9eb-4ba4f621cbdc.png,macos,text,1.0,896.0,396.0,958.0,35,1
pc_cb3fc7f0-9ed8-4692-8610-0f32b929a5a3.png,macos,text,203.0,400.0,892.0,456.0,19,1
pc_cb3fc7f0-9ed8-4692-8610-0f32b929a5a3.png,macos,text,675.0,154.0,814.0,200.0,19,0
pc_8c34d9b6-4f21-4cfa-a277-8a4fe45c9ef7.png,macos,text,672.0,149.0,855.0,199.0,8,0
pc_8c34d9b6-4f21-4cfa-a277-8a4fe45c9ef7.png,macos,icon,1237.0,988.0,1312.0,1062.0,8,0
pc_35c339d2-810d-4bbe-93db-0c1db024638f.png,macos,text,1876.0,94.0,2132.0,376.0,48,1
pc_35c339d2-810d-4bbe-93db-0c1db024638f.png,macos,text,473.0,701.0,772.0,987.0,48,1
pc_75eae2f4-193e-4365-a5f1-b9b5340d02ff.png,macos,icon,1284.0,0.0,1374.0,106.0,99,1
pc_75eae2f4-193e-4365-a5f1-b9b5340d02ff.png,macos,icon,1667.0,0.0,1749.0,103.0,99,1
pc_1e16b18c-5d91-4155-9e49-4ad5d9453fc7.png,macos,icon,872.0,0.0,969.0,106.0,20,0
pc_1e16b18c-5d91-4155-9e49-4ad5d9453fc7.png,macos,icon,561.0,693.0,651.0,745.0,20,0
pc_63a274e4-38e1-4a50-a102-33b31aee3a62.png,macos,icon,1013.0,19.0,1113.0,91.0,10,1
pc_63a274e4-38e1-4a50-a102-33b31aee3a62.png,macos,icon,1025.0,106.0,1103.0,162.0,10,0
pc_63a274e4-38e1-4a50-a102-33b31aee3a62.png,macos,icon,808.0,19.0,892.0,91.0,10,0
pc_5392df82-37d6-41f3-838d-2afa1062dcc8.png,macos,text,2.0,917.0,376.0,980.0,88,1
pc_5392df82-37d6-41f3-838d-2afa1062dcc8.png,macos,text,376.0,103.0,939.0,260.0,88,1
pc_fe30b885-865a-442e-a8f5-0e9924f256fd.png,macos,icon,42.0,567.0,1225.0,1303.0,6,1
pc_fe30b885-865a-442e-a8f5-0e9924f256fd.png,macos,icon,918.0,9.0,1013.0,90.0,6,0
pc_9237faf6-9f95-4157-9d0b-aafa67f7b675.png,macos,text,1103.0,87.0,1333.0,145.0,7,0
pc_2086f81a-7a9f-472f-bfe7-50394f5a2bc6.png,macos,text,792.0,205.0,1054.0,252.0,6,1
pc_2086f81a-7a9f-472f-bfe7-50394f5a2bc6.png,macos,text,791.0,253.0,1057.0,303.0,6,1
pc_1d6fb8dc-8ba5-4c0d-a532-188e5d579686.png,macos,text,18.0,104.0,423.0,161.0,19,1
pc_1d6fb8dc-8ba5-4c0d-a532-188e5d579686.png,macos,icon,1917.0,877.0,1995.0,1020.0,19,0
pc_6d0b3e39-872b-48ec-b894-0490106eb629.png,macos,icon,1880.0,10.0,1961.0,94.0,17,0
pc_6d0b3e39-872b-48ec-b894-0490106eb629.png,macos,icon,172.0,15.0,242.0,90.0,17,0
pc_8be15b4a-65cc-4e89-94a2-3b6b571f41e2.png,macos,icon,1054.0,211.0,1210.0,292.0,48,1
pc_8be15b4a-65cc-4e89-94a2-3b6b571f41e2.png,macos,text,517.0,323.0,1216.0,466.0,48,1
pc_4a9b8c51-5db6-4325-a6e0-8a0f9801e25d.png,macos,text,504.0,250.0,963.0,346.0,60,1
pc_4a9b8c51-5db6-4325-a6e0-8a0f9801e25d.png,macos,icon,1795.0,1229.0,1897.0,1328.0,60,1
pc_a2300b43-a1e0-4da9-aed4-3543b507d9a3.png,macos,text,518.0,231.0,1203.0,872.0,30,1
pc_01625ab1-9757-4dc4-8da0-a9c946d3b76a.png,macos,icon,355.0,39.0,415.0,84.0,56,0
pc_01625ab1-9757-4dc4-8da0-a9c946d3b76a.png,macos,text,886.0,175.0,1033.0,384.0,56,1
pc_09fff6da-5dd8-4288-a0e7-f503273c1908.png,macos,text,1411.0,804.0,1563.0,869.0,48,1
pc_09fff6da-5dd8-4288-a0e7-f503273c1908.png,macos,text,354.0,809.0,595.0,858.0,48,1
pc_f01bc231-56c4-4aba-9dd4-fd6271be0f8e.png,macos,text,475.0,248.0,722.0,296.0,41,0
pc_bf63137d-d442-4bb9-a145-e07cb48abb64.png,macos,text,307.0,192.0,533.0,532.0,53,1
pc_bf63137d-d442-4bb9-a145-e07cb48abb64.png,macos,icon,29.0,109.0,147.0,236.0,53,1
pc_e73c6749-043f-4a24-8e56-6c829f78255d.png,macos,icon,513.0,134.0,576.0,191.0,7,0
pc_e73c6749-043f-4a24-8e56-6c829f78255d.png,macos,icon,438.0,2.0,499.0,63.0,7,0
pc_8fc1a1fb-00b9-4fe6-8fd3-4784ab2274e8.png,macos,text,645.0,127.0,739.0,260.0,4,0
pc_8fc1a1fb-00b9-4fe6-8fd3-4784ab2274e8.png,macos,icon,352.0,133.0,437.0,244.0,4,0
pc_0205fe68-a787-4651-8cfa-495802d6beb6.png,macos,text,221.0,131.0,347.0,251.0,4,0
pc_0205fe68-a787-4651-8cfa-495802d6beb6.png,macos,icon,884.0,175.0,1045.0,219.0,4,0
pc_00b0c9f6-b24f-4bff-b492-12117b50e63b.png,macos,text,95.0,256.0,202.0,370.0,7,0
pc_00b0c9f6-b24f-4bff-b492-12117b50e63b.png,macos,text,580.0,258.0,703.0,370.0,7,0
pc_7fe3e2d7-db08-47b1-80a1-36775ab888a4.png,macos,icon,358.0,393.0,435.0,463.0,5,0
pc_7fe3e2d7-db08-47b1-80a1-36775ab888a4.png,macos,icon,188.0,1257.0,280.0,1327.0,5,0
pc_3f805781-f2fe-45dc-8bc5-e62d12f1c359.png,macos,icon,879.0,797.0,1091.0,1020.0,6,0
pc_3f805781-f2fe-45dc-8bc5-e62d12f1c359.png,macos,icon,283.0,0.0,381.0,61.0,6,0
pc_41147eb1-3e27-4aa0-b9f9-71363b9be5c9.png,macos,text,407.0,771.0,534.0,812.0,3,0
pc_41147eb1-3e27-4aa0-b9f9-71363b9be5c9.png,macos,text,1554.0,66.0,1696.0,123.0,3,1
pc_c2ffa4d3-4cf7-4813-986d-d741f1260c4c.png,macos,text,205.0,420.0,1017.0,475.0,8,0
pc_c2ffa4d3-4cf7-4813-986d-d741f1260c4c.png,macos,text,205.0,1342.0,1019.0,1408.0,8,0
pc_71e8f8bd-7ff0-4846-ada6-ce337a0f5ebc.png,macos,text,358.0,65.0,485.0,126.0,4,0
pc_71e8f8bd-7ff0-4846-ada6-ce337a0f5ebc.png,macos,icon,172.0,0.0,233.0,63.0,4,0
pc_9eebe928-6d8a-4de5-8212-039d0282b082.png,macos,icon,1316.0,553.0,1385.0,613.0,4,0
pc_b113f651-ec99-4a84-8c15-ff0fc1aee615.png,macos,text,1587.0,193.0,1764.0,376.0,3,0
pc_b113f651-ec99-4a84-8c15-ff0fc1aee615.png,macos,text,1197.0,572.0,2098.0,636.0,3,1
pc_c243b681-99cd-4726-8710-51ff1c024208.png,macos,text,221.0,774.0,556.0,833.0,8,0
pc_38236247-66f3-4ad3-aeb0-bc4783335a46.png,macos,text,393.0,1087.0,766.0,1148.0,5,1
pc_38236247-66f3-4ad3-aeb0-bc4783335a46.png,macos,text,393.0,1173.0,771.0,1234.0,5,1
pc_18a939a5-8f77-4519-9c7a-d62b11e7b878.png,macos,icon,185.0,253.0,968.0,337.0,7,1
pc_ac718327-53b2-49c1-8707-d12220913fc1.png,macos,icon,1459.0,58.0,1514.0,107.0,12,0
pc_ac718327-53b2-49c1-8707-d12220913fc1.png,macos,icon,1511.0,55.0,1569.0,113.0,12,0
pc_45480159-6b1b-4528-9109-dab1905c62b7.png,macos,text,520.0,349.0,704.0,399.0,25,1
pc_45480159-6b1b-4528-9109-dab1905c62b7.png,macos,text,1624.0,1332.0,1776.0,1382.0,25,1
pc_7656e3c5-00b1-4be7-9103-9890b837342f.png,macos,text,0.0,424.0,467.0,472.0,27,1
pc_7656e3c5-00b1-4be7-9103-9890b837342f.png,macos,text,0.0,282.0,467.0,327.0,27,1
pc_8c77197f-8be9-485a-bf32-989a8a66fbae.png,macos,icon,748.0,158.0,1705.0,209.0,75,1
pc_8c77197f-8be9-485a-bf32-989a8a66fbae.png,macos,icon,509.0,256.0,559.0,307.0,75,0
pc_155db9b3-fe88-41cb-81d1-d51f37ba5970.png,macos,text,519.0,139.0,919.0,207.0,36,1
pc_155db9b3-fe88-41cb-81d1-d51f37ba5970.png,macos,text,1286.0,1330.0,1433.0,1378.0,36,1
pc_668258b4-f214-4a57-a500-d03aa94b0e65.png,macos,icon,38.0,1009.0,98.0,1058.0,4,0
pc_668258b4-f214-4a57-a500-d03aa94b0e65.png,macos,icon,40.0,1067.0,98.0,1116.0,4,0
pc_668258b4-f214-4a57-a500-d03aa94b0e65.png,macos,icon,2192.0,779.0,2258.0,834.0,4,0
pc_f656ce46-13af-4cd1-9126-f3c45a4e696c.png,macos,text,78.0,603.0,1124.0,639.0,26,1
pc_de69c5ff-2e8a-4b48-b7c0-629da006b982.png,macos,icon,23.0,194.0,476.0,250.0,45,1
pc_de69c5ff-2e8a-4b48-b7c0-629da006b982.png,macos,text,2.0,763.0,501.0,812.0,45,1
pc_e9abfe29-8665-47e1-ba30-f79a0089278a.png,macos,text,473.0,190.0,725.0,242.0,28,1
pc_e9abfe29-8665-47e1-ba30-f79a0089278a.png,macos,text,685.0,55.0,796.0,150.0,28,1
pc_ec085abc-591d-4dcc-830c-defddc958f47.png,macos,text,351.0,571.0,714.0,615.0,5,1
pc_c69e46cd-d2a9-4dbf-8d0a-4532b750a691.png,macos,icon,185.0,1132.0,307.0,1244.0,3,1
pc_141ec1f5-ccf8-42f0-8b0b-8aba284ce81a.png,macos,icon,1381.0,17.0,1467.0,94.0,133,1
pc_141ec1f5-ccf8-42f0-8b0b-8aba284ce81a.png,macos,icon,1.0,360.0,1476.0,411.0,133,1
pc_857c0a8b-5f0f-4d6a-966f-789b594622c9.png,macos,icon,555.0,18.0,634.0,85.0,126,1
pc_857c0a8b-5f0f-4d6a-966f-789b594622c9.png,macos,icon,640.0,17.0,710.0,87.0,126,0
pc_dc199113-7c34-4cc2-85cb-e9b552b87b05.png,macos,icon,1024.0,20.0,1094.0,89.0,55,1
pc_dc199113-7c34-4cc2-85cb-e9b552b87b05.png,macos,text,1.0,100.0,451.0,164.0,55,1
pc_2c2b6cbd-39cf-4bd2-80aa-d953890c21e5.png,macos,text,1496.0,204.0,1753.0,248.0,50,1
pc_2c2b6cbd-39cf-4bd2-80aa-d953890c21e5.png,macos,text,1254.0,628.0,1745.0,686.0,50,1
pc_64c386c3-9d87-4c91-b712-c1d9ab9216ae.png,macos,icon,1144.0,16.0,1210.0,87.0,59,1
pc_64c386c3-9d87-4c91-b712-c1d9ab9216ae.png,macos,icon,1037.0,13.0,1118.0,92.0,59,1
pc_b313a50d-ac5e-4189-beb9-3f5ceb67e536.png,macos,text,501.0,124.0,713.0,370.0,82,1
pc_b313a50d-ac5e-4189-beb9-3f5ceb67e536.png,macos,icon,1426.0,14.0,1506.0,83.0,82,1
pc_97ce9c11-f20b-4294-982a-f01241c81576.png,macos,icon,746.0,19.0,808.0,84.0,9,0
pc_97ce9c11-f20b-4294-982a-f01241c81576.png,macos,text,836.0,19.0,1359.0,85.0,9,1
